SeanHeywood,eoas1123,1996-12-28,M,M,æˆ‘å–œæ­¡åƒè±†èŠ±,https://upload.wikimedia.org/wikipedia/commons/9/98/Christopher_Fabian_profile.jpg	
KyleErtham,eoas1123,1966-06-15,M,M,å¸¸å¸¸åŽ»æ»‘é›ª,https://lh3.googleusercontent.com/-ZadaXoUTBfs/AAAAAAAAAAI/AAAAAAAAAAA/3rh5IMTHOzg/photo.jpg	
KyleChester,eoas1123,1996-03-28,M,M,Cool and take it easy,http://www.realtimearts.net/data/images/art/46/4640_profile_nilssonpolias.jpg	
JudaAsger,eoas1123,1990-08-19,M,M,Like life,http://likecool.com/Gear/Pic/One%20Trippy%20Profile%20Pic/One-Trippy-Profile-Pic.jpg	
AbrahamLeverer,eoas1123,1968-05-05,M,M,Go to the flow,http://www.geek.com/wp-content/uploads/2010/07/Scott-Forstall-Executive-profile-image.jpg	
RoystonMilsent,eoas1123,1984-10-10,M,M,High expectancies,https://upload.wikimedia.org/wikipedia/en/7/70/Shawn_Tok_Profile.jpg	
RyanDerington,eoas1123,1994-07-20,M,M,Well educated and well mannered,http://zblogged.com/wp-content/uploads/2015/11/5.png	
IlhemHawkins,eoas1123,1969-10-16,M,B,Funny guy,http://zblogged.com/wp-content/uploads/2015/11/17.jpg	
JensenCheyne,eoas1123,1987-12-16,M,B,Player 	),http://orig03.deviantart.net/23a2/f/2010/352/f/7/headshotid_by_bokogreat_stock-d355xf3.jpg
TomLupton,eoas1123,1992-12-04,M,B,Look for LTR,http://admissions.berkeley.edu/sites/default/files/UCB_landingpage_images_600x300_212.jpg	
ChadWalsch,eoas1123,1991-06-13,M,B,Discreet,http://www.scheller.gatech.edu/thumb/width/600/cropratio/1:1/pix/directory/mulford_chuck_profile.jpg	
NathanSadler,eoas1123,1987-09-12,M,F,No face no dial,https://www.morganstanley.com/assets/images/people/tiles/adam-parker-large.jpg	
RyanMakepiece,eoas1123,1990-08-16,M,F,"Speaks english, french, german",http://www.incrediblethings.com/wp-content/uploads/2011/05/facebook-ad.jpg	
DanFayneman,eoas1123,1978-06-27,M,F,Engineer,http://i.huffpost.com/gen/1731626/thumbs/o-NARCISSIST-MAN-facebook.jpg	
DenisSaltonstall,eoas1123,1972-03-26,M,F,Play the piano,http://lupuscolorado.org/wp-content/uploads/2013/07/sauter.jpg	
RupertDigby,eoas1123,1976-06-24,M,F,Love surfing,http://images.bwbx.io/cms/2013-08-21/0820_hacking_630x420.jpg	
JacobAshton,eoas1123,1972-10-08,M,F,Enjoy quality time,http://cbsnews1.cbsistatic.com/hub/i/r/2012/03/27/160c92d2-a738-11e2-a3f0-029118418759/thumbnail/620x350/260c465ca0a2ea96b6699a6fcb3f1598/Paul-Ceglia-Facebook.jpg	
BillCoffin,eoas1123,1984-02-18,M,F,Love to read books,http://i.dailymail.co.uk/i/pix/2014/03/20/article-2585573-1C72CE1400000578-914_306x423.jpg	
FergusAlicock,eoas1123,1986-06-01,M,F,Calm,http://i.telegraph.co.uk/multimedia/archive/02339/Ahmed_2339896b.jpg	
MalcolmHawksworth,eoas1123,1997-03-14,M,F,Quiet,http://www.wired.com/images_blogs/threatlevel/2012/10/ceglia.png	
RoystonBabington,eoas1123,1983-02-03,M,F,Let's have fun !,https://deborahking.com/old1/www.deborahkingcenter.com/s/HBWcPHHQa0uNhKJ2ANO3Vw/o-HAPPY-MAN-facebook.jpg	
DudleyHarvard,eoas1123,1965-03-19,M,F,Nice guy,https://barbarabrownie.files.wordpress.com/2014/01/article-2385822-1b2ebbda000005dc-922_634x685.jpg	
WayneEston,eoas1123,1977-05-19,M,F,Love to travel,http://4.bp.blogspot.com/-9G5-wCxocpI/VSUYHR8rjII/AAAAAAAAISg/hPTvcnMkzwc/s1600/Capelli%2Brasati%2Be%2Bbarba%2B4.jpg	
NathanHolsey,eoas1123,1974-07-08,M,F,Eager to meet new people !,http://www.nssmag.com/data/images/galleries/5120/be-20130315482302.jpg	
SeanUnton,eoas1123,1972-03-15,M,F,Cool,http://www.stephentbradley.com/images/gallery/cool_man-_WEB.jpg	
MalloryShipwash,eoas1123,1998-08-26,M,F,Life is an inner journey,http://www.coolmantattoos.com/wp-content/uploads/2013/10/Cool-Arm-Tattoo-for-Mysterious-Man.jpg	
HarrisonCooke,eoas1123,1980-08-21,M,F,YOLO,http://www.perspectives-maison-3d.fr/wp-content/uploads/2013/04/photodune-3571184-cool-young-man-m.jpg	
FredRickworth,eoas1123,1995-12-23,M,F,Lets be friends,http://wvats.cedwvu.org/images/ComputerCoolGuy.jpg	
JaredRudhall,eoas1123,1980-07-02,M,F,,http://blog.netrobe.com/wp-content/uploads/2012/03/Screen-Shot-2012-03-27-at-12.00.04-AM.png	
WilhemCardiff,eoas1123,1984-04-02,M,F,,http://www.flask.com/wp-content/uploads/cool-man.jpg	
TroyCallandar,eoas1123,1973-09-07,M,F,,https://s-media-cache-ak0.pinimg.com/236x/69/b0/5d/69b05d22c9d123033dbf82b2c51b6dc2.jpg	
ChadSavill,eoas1123,1996-10-16,M,F,,http://i0.wp.com/www.fashionisingpictures.net/photoshoots/themanbun2014.jpg?w=620	
FrancisLondon,eoas1123,1973-10-12,M,F,,http://www.onvideo.lt/wp-content/uploads/2013/07/gudaitis.jpg	
NeilHarcourt,eoas1123,1972-04-03,M,F,,http://www.tiptoptens.com/wp-content/uploads/2015/07/Medium-Hairstyles-for-Thick-Hair-2014-.jpg	
CalvinBrowning,eoas1123,1994-07-22,M,F,,http://www.thenextfortydays.com/index2/wp-content/uploads/2013/11/old-man.jpeg	
JohnsonHasard,eoas1123,1975-02-18,M,F,,http://d.ibtimes.co.uk/en/full/1409622/ft-lauderdale-feeding-homeless.jpg	
JudaLeeds,eoas1123,1969-10-27,M,F,,http://en.bcdn.biz/images/emails_source/ed17f8f4-e203-40a1-81c6-4e0f067b21b5.jpg	
DevinMessenger,eoas1123,1975-07-03,M,F,,http://orig07.deviantart.net/1515/f/2012/292/8/9/old_man_portrait_by_peawy-d5iapqj.jpg	
DougChurmond,eoas1123,1997-01-28,M,F,,http://img1.wikia.nocookie.net/__cb20120721004428/thehungergames/images/b/b2/5058298-portrait-of-an-interesting-asian-man-with-an-honest-face.jpg	
KevinUpton,eoas1123,1968-09-17,M,F,,http://bakuland.net/wp-content/uploads/parser/guys-facial-hair-styles-9.jpg	
EdwinRous,eoas1123,1965-07-02,M,F,,https://www.engineering.cornell.edu/engineering2/customcf/iws_news/uploads/alabi__reis.jpg	
OwenFodd,eoas1123,1966-01-14,M,F,,http://www.speakupforsuccess.com/wp-content/uploads/2011/06/smile-%E2%80%94-young-Asian-man-2926282.jpg	
JeremySharman,eoas1123,1965-07-26,M,F,,http://www.singleydrblog.com/files/2014/06/young-man-smiling-outside.jpg	
BusterDixton,eoas1123,1971-12-04,M,F,,http://aplicatiismartphone.ro/img/clients/client-4.jpg	
BryceMalins,eoas1123,1997-08-22,M,F,,https://upload.wikimedia.org/wikipedia/commons/thumb/d/d8/India_-_Delhi_train_moustache_-_4808.jpg/512px-India_-_Delhi_train_moustache_-_4808.jpg	
KurtTrumpington,eoas1123,1986-04-22,M,F,,http://i262.photobucket.com/albums/ii100/oussoura/andreasandreou310191_2470070189002_1169766568_2937870_1895238581_n.jpg	
OliverUpton,eoas1123,1988-10-13,M,F,,http://thehealthcareblog.com/wp-content/uploads/2011/12/Optimized-Scott-Carroll-web-1.jpg	
ShawnDennis,eoas1123,1972-05-17,M,F,,https://upload.wikimedia.org/wikipedia/commons/3/33/Oliver_Stone_Cannes_2010.jpg	
StanleyDesford,eoas1123,1993-04-04,M,F,,"http://rha.chookdigital.net/authors/stone,%20oliver.jpg"	
GrantMoland,eoas1123,1986-04-26,M,F,,http://weblogs.baltimoresun.com/entertainment/books/blog/oliver%20stone.jpg	
AbeFitzgeoffrey,eoas1123,1997-03-22,M,F,,http://www.peoples.ru/art/cinema/actor/oliver_stone/stone_870.jpg	
LassaBohan,eoas1123,1990-12-26,M,F,,https://upload.wikimedia.org/wikipedia/commons/c/c7/Jim_Yong_Kim_(cropped).jpg	
KurtLiverich,eoas1123,1976-04-19,M,F,,http://japanese.joins.com/upload/images/2012/03/tmb240_20120324083135-1.jpg	
DanielBulstrode,eoas1123,1967-02-17,M,F,,http://www.public-domain-image.com/free-images/people/male-men/man-from-east-timor-face-close-up-500x544.jpg	
ZachPemberton,eoas1123,1989-01-22,M,F,,http://previews.123rf.com/images/ragsac/ragsac1204/ragsac120400039/13111453-old-asian-man-homeless-and-no-work--Stock-Photo.jpg	
CurtisStoddeley,eoas1123,1974-04-09,M,F,,https://pixabay.com/static/uploads/photo/2014/10/30/19/30/man-509619_960_720.jpg	
KieranBailey,eoas1123,1974-11-23,M,F,,http://blogs.telegraph.co.uk/news/files/2010/03/Jameslovelock.jpg	
MorganLuke,eoas1123,1967-11-25,M,F,,https://c2.staticflickr.com/8/7404/9905554034_756e4da3fa.jpg	
GrantRobinson,eoas1123,1991-03-14,M,F,,http://lookinnice.com/wp-content/uploads/2015/01/9692203669_91dc9a2c54_z.jpg	
AaronBest,eoas1123,1983-05-06,M,F,,https://c1.staticflickr.com/9/8093/8576762874_a98eb27e9d_z.jpg	
FrederickClement,eoas1123,1965-08-10,M,F,,http://farm6.static.flickr.com/5170/5231284645_681c564a4c_m.jpg	
BrendanGilbert,eoas1123,1985-03-16,M,F,,https://upload.wikimedia.org/wikipedia/commons/a/a2/Robert_Downey_Jr_avp_Iron_Man_3_Paris_2.jpg	
DonSever,eoas1123,1984-07-01,M,F,,"https://upload.wikimedia.org/wikipedia/commons/thumb/1/14/Kulusuk,_Inuit_man_(6822268117).jpg/682px-Kulusuk,_Inuit_man_(6822268117).jpg"	
EdwinBohan,eoas1123,1973-04-17,M,F,,http://www.cbc.ca/gfx/images/arts/photos/2008/09/02/natar-ungalaaq-250.jpg	
TylerBrome,eoas1123,1971-11-28,M,F,,https://upload.wikimedia.org/wikipedia/commons/1/13/Man_with_braces.jpg	
WillHussey,eoas1123,1977-01-22,M,F,,https://jackieohohoh.files.wordpress.com/2012/05/cruise_t640.jpg	
WilsonJordan,eoas1123,1981-05-28,M,F,,http://www.hollidayortho.com/graphics/ygmanbracesLR.jpg	
JohnFlexney,eoas1123,1992-09-12,M,F,,"https://upload.wikimedia.org/wikipedia/commons/7/75/Martin_Strel-Big_River_man,_World-Renowned_Marathon_Swimmer.jpg"	
WalterBerecraft,eoas1123,1987-09-20,M,F,,http://www.strel-swimming.com/media/articles/1_109/s1a109i5651sz5.jpg	
MorganOutlawe,eoas1123,1998-07-15,M,F,,http://www.gerald.huehner.org/ptuj/SiNm10_4.jpg	
LysanderBrownflet,eoas1123,1988-02-20,M,F,,http://www.przepisykulinarne.slawko.eu/img_art/1329117578wino_martin_strel.jpg	
UlandHerleston,eoas1123,1977-01-17,M,F,,http://images0.zurnal24.si/slika-_original-1342710450-767987.jpg	
NicolasTiploft,eoas1123,1983-09-28,M,F,,https://upload.wikimedia.org/wikipedia/en/8/86/Indian_Man_with_Mustache.JPG	
LiamNorwich,eoas1123,1990-04-06,M,F,,https://leggypeggy.files.wordpress.com/2013/12/screen-shot-2013-12-19-at-9-15-05-pm.png	
DougMilner,eoas1123,1998-05-27,M,F,,http://orig15.deviantart.net/f2e7/f/2013/117/3/8/man_with_mighty_mustache_by_jenhell66-d638bdy.jpg	
ZachSanburne,eoas1123,1990-05-19,M,F,,https://newnomadphotography.files.wordpress.com/2012/04/img_52711-e1333741456914.jpg	
GradyGilbert,eoas1123,1965-05-22,M,F,,http://farm6.static.flickr.com/5245/5268282704_ca831f4d18_m.jpg	
RayCastell,eoas1123,1970-04-15,M,F,,https://c2.staticflickr.com/6/5574/14509920461_edac7d2b21.jpg	
PryamBowcer,eoas1123,1973-05-16,M,F,,http://www.ellequebec.com/img/photos/biz/auto-upload/elleqc/hommw-2-300.jpg	
RustyTyrell,eoas1123,1998-11-10,M,F,,http://coqktail.com/wp-content/uploads/2014/09/622677-drole-de-clin-d-il.jpg	
GeoffKnighton,eoas1123,1986-07-28,M,F,,http://www.operburggars.at/images/presse_2015/Thilo_Reinhard_c_Oper_Burg_Gars.jpg	
LesGonson,eoas1123,1994-07-14,M,F,,https://upload.wikimedia.org/wikipedia/commons/f/ff/Guy_Pearce_Cannes_2012.jpg	
LassaStrelley,eoas1123,1974-06-10,M,F,,http://www.lunettesde.com/wp-content/uploads/2013/02/guy-pearce-lunettes-dita.jpg	
HaydenDagworth,eoas1123,1980-02-09,M,F,,https://upload.wikimedia.org/wikipedia/commons/5/5a/Richard_K_Guy_2005.jpg	
NathanaelAubrey,eoas1123,1997-06-14,M,F,,https://upload.wikimedia.org/wikipedia/commons/b/ba/Guy_B%C3%A9art_2012.jpg	
GabrielPanshawe,eoas1123,1982-06-01,M,F,,https://pixabay.com/static/uploads/photo/2015/03/26/09/57/guy-690653_960_720.jpg	
GordonlaHale,eoas1123,1985-11-26,M,F,,http://www.adventurejay.com/blog/images/IMG_4067.JPG	
JamesVerney,eoas1123,1976-02-14,M,F,,http://image-uniservice.copainsdavant.com/image/450/4/1226499077/3206370.jpg	
PryamHaddock,eoas1123,1975-05-05,M,F,,http://usfoundation.net/wp-content/uploads/2013/07/guy.jpg	
PresleyFane,eoas1123,1966-12-25,M,F,,http://www.nmpediatrics.com/_Media/img_2265_med.jpeg	
JoeySwan,eoas1123,1979-02-10,M,F,,https://upload.wikimedia.org/wikipedia/commons/thumb/7/70/Mike_Shinoda_World_Expo_2008.jpg/640px-Mike_Shinoda_World_Expo_2008.jpg	
IanCole,eoas1123,1984-03-03,M,F,,http://img.spokeo.com/public/900-600/mike_shinoda_2013_03_20.jpg	
RyanWhyting,eoas1123,1986-05-16,M,F,,https://c1.staticflickr.com/3/2162/2206386930_240731674f_b.jpg	
AnthonyKesteven,eoas1123,1991-05-11,M,F,,https://c2.staticflickr.com/8/7328/13892162350_fa63771f2f.jpg	
FergusMore,eoas1123,1967-05-14,M,F,,https://c1.staticflickr.com/9/8637/15843032350_be8782c572_b.jpg	
JackOke,eoas1123,1985-11-08,M,F,,https://c2.staticflickr.com/6/5298/5507186780_7578533c20_b.jpg	
AaronSpicer,eoas1123,1965-07-09,M,F,,https://c1.staticflickr.com/1/562/19309987905_41db8c2a26.jpg	
WillemMillis,eoas1123,1965-12-13,M,F,,https://c2.staticflickr.com/4/3103/2462121578_c9d26b73f4_b.jpg	
DevinSwitt,eoas1123,1980-06-04,M,F,,https://upload.wikimedia.org/wikipedia/commons/thumb/3/3b/Stephen_Larkham_cropped.jpg/614px-Stephen_Larkham_cropped.jpg	
StewartWood,eoas1123,1985-06-15,M,F,,https://pbs.twimg.com/profile_images/516332616979873792/tip9njCR.jpeg	
PaigePenhallick,eoas1123,1966-01-22,F,F,,http://all4desktop.com/data_images/original/4242059-female.jpg	
Leah Tibbord,eoas1123,1975-04-03,F,F,,http://femaleloophole.org/wp-content/uploads/2011/07/female-psychology-loophole.jpg	
ShondaFaldo,eoas1123,1988-06-25,F,F,,https://i.ytimg.com/vi/yevSZtUmjes/maxresdefault.jpg	
LucyBerry,eoas1123,1972-12-06,F,F,,https://assets.entrepreneur.com/content/16x9/822/1387219460-leadership-lessons-young-female-entrepreneurs-andi-atteberry-blingsting.jpg	
EdenKnyvett,eoas1123,1974-02-03,F,F,,http://static2.businessinsider.com/image/52ab3d95eab8eab7093a73d1/female-tech-ceo-egg-freezing-benefit-sends-the-wrong-message-to-women.jpg	
SueRobinson,eoas1123,1967-01-02,F,F,,http://seductionfaq.com/blog/wp-content/uploads/2012/05/loophole-in-female-psychology.jpg	
MaryHoward,eoas1123,1970-01-08,F,F,,http://10-themes.com/data_images/wallpapers/11/327460-female.jpg	
HollyEdgar,eoas1123,1970-01-14,F,B,,https://i.ytimg.com/vi/TbGu4mxZDY8/maxresdefault.jpg	
BettyPeacock,eoas1123,1972-02-25,F,B,,http://www.dreamcoexpress.com/data/frontImages/gallery/product_image/Female-Executive_2.jpg	
AllysonWillis,eoas1123,1969-08-04,F,B,,http://i.telegraph.co.uk/multimedia/archive/03249/The_female_percept_3249656c.jpg	
AmandaCotton,eoas1123,1998-04-05,F,B,,http://media1.popsugar-assets.com/files/2015/02/18/698/n/1922398/286e2baa_edit_img_cover_file_2387621_1424270753_10917951_844643uCrSx3.xxxlarge/i/Photographer-Captures-Female-Beauty-Around-World.jpg	
IvoryDunch,eoas1123,1993-03-09,F,M,,http://2.wlimg.com/product_images/bc-full/dir_7/195928/female-model-001_s_1218481_121574.jpg	
ScarlettWyghtham,eoas1123,1991-03-25,F,M,,http://southcast.in/media/2012/06/gorgeous-female-models-indian-2.jpg	
ErinHyde,eoas1123,1989-08-17,F,M,,http://static.ddmcdn.com/gif/storymaker-seven-female-explorers-1203306-515x388.jpg	
DaisyDoreward,eoas1123,1993-05-20,F,M,,https://i.ytimg.com/vi/L9ybIqXeRNA/hqdefault.jpg	
BritneyFrilende,eoas1123,1967-06-19,F,M,,http://i.telegraph.co.uk/multimedia/archive/01444/prison_1444113c.jpg	
EveBrome,eoas1123,1966-03-25,F,M,,http://vignette1.wikia.nocookie.net/thehungergames/images/a/a1/Tribute_D4_female.jpg/revision/latest?cb=20120214010714	
KristenStrader,eoas1123,1980-09-05,F,M,,http://i.telegraph.co.uk/multimedia/archive/02958/Knightley_2958550b.jpg	
VerityWithinghall,eoas1123,1983-04-06,F,M,,http://www.hd-wallpapers9.com/gallery/Peoples/Female%20Models%20Hd%20Wallpapers/Female%20Models%20And%20Singers%20Top%20Latest%20HD%20Wallpapers%20(11).jpg	
RuthChowne,eoas1123,1974-02-04,F,M,,http://i.telegraph.co.uk/multimedia/archive/02579/Olivia2_2579167b.jpg	
SueBraunstone,eoas1123,1988-05-23,F,M,,https://upload.wikimedia.org/wikipedia/commons/3/3e/Elizabeth_Dole_official_photo.jpg	
RebeccaDanvers,eoas1123,1993-01-02,F,M,,https://pixabay.com/static/uploads/photo/2012/02/28/15/36/beautiful-18279_960_720.jpg	
CheyenneBammard,eoas1123,1974-01-11,F,M,,https://pbs.twimg.com/profile_images/418769765348302848/rwGZT89H_400x400.jpeg	
LindsayConquest,eoas1123,1988-02-22,F,M,,http://i.telegraph.co.uk/multimedia/archive/02446/Kate-Baker_2446999b.jpg	
JuneMedeley,eoas1123,1996-07-03,F,M,,http://media.salon.com/2011/01/the_sexual_cost_of_female_success.jpg	
JeanFarrer,eoas1123,1997-04-24,F,M,,http://i.telegraph.co.uk/multimedia/archive/03205/bayan_3205523b.jpg	
DestinyGisborne,eoas1123,1966-09-08,F,M,,http://fashion.blogorganization.com/wp-includes/images/322female-celebrity-long-hair-photos-04.jpg	
JenLappage,eoas1123,1981-07-08,F,M,,http://i.telegraph.co.uk/multimedia/archive/03059/harriet_3059483b.jpg	
JulietMason,eoas1123,1980-12-08,F,M,,http://media.philstar.com/images/the-philippine-star/lifestyle/sunday-life/20150726/lucy-gomez-20.jpg	
IsabelSaltonstall,eoas1123,1974-11-07,F,M,,http://images.motthegioi.vn/Uploaded/thyhang/2015_07_27/phu_nu_BQQB.jpg	
SusanRussell,eoas1123,1980-10-11,F,M,,http://hivewallpaper.com/wallpaper/2015/04/female-celebrities-43-widescreen-wallpaper.jpg	
PloyeWarner,eoas1123,1969-09-15,F,M,,http://cdn1.thr.com/sites/default/files/imagecache/thr_style_news_image/2015/04/kode_with_karlie.jpg	
HelenMarkeley,eoas1123,1995-09-24,F,M,,https://c2.staticflickr.com/4/3364/3273658167_521968e15c.jpg	
DianePeltie,eoas1123,1971-08-17,F,M,,https://i.ytimg.com/vi/Lifu9_7GFjY/hqdefault.jpg	
EmmaCatesby,eoas1123,1986-12-21,F,M,,http://thumbs.dreamstime.com/x/asian-business-woman-16303126.jpg	
JeanChapman,eoas1123,1984-01-26,F,M,,https://upload.wikimedia.org/wikipedia/commons/1/14/Asian_woman_shushing.jpg	
HollyShawe,eoas1123,1977-01-02,F,M,,http://i.huffpost.com/gen/1452175/images/o-ASIAN-WOMAN-facebook.jpg	
JaniceLambert,eoas1123,1975-11-21,F,M,,https://s-media-cache-ak0.pinimg.com/236x/e1/f7/38/e1f7383d3c299bd548c0bd4dba485642.jpg	
CassieBoddenham,eoas1123,1981-03-12,F,M,,http://www.beauty-tips.net/wp-content/uploads/2014/03/beautiful-asian-woman.jpg	
SashaChelsey,eoas1123,1973-10-25,F,M,,http://topwalls.net/wp-content/uploads/2012/06/Women-Asian-Women-Taiwanese-728x485.jpg	
LynnPeel,eoas1123,1982-09-02,F,M,,http://www.bollywoodeventcompany.co.uk/bands_musicians_djs/images/female%20solo%20singer%20boll%20png.png	
ShaneEtton,eoas1123,1982-04-03,F,M,,http://www.short-haircut.com/wp-content/uploads/2013/02/ixie-haircuts-for-asian-women.jpg	
StephenieBurgoyne,eoas1123,1994-08-16,F,M,,http://epsos.de/files/beautiful-asian-women.jpg	
PleasancePanshawe,eoas1123,1965-12-28,F,M,,http://kollaboration.org/content/uploads/sites/16/2014/08/Screen-shot-2014-08-25-at-10.43.42-AM.png	
WillowHighgate,eoas1123,1993-02-09,F,M,,https://s-media-cache-ak0.pinimg.com/236x/26/0d/2b/260d2b96b247882e7e45e9002c26efad.jpg	
PiperWarde,eoas1123,1980-06-17,F,M,,https://s-media-cache-ak0.pinimg.com/236x/5c/a1/b5/5ca1b5162685cecb34983d4e0782135c.jpg	
PreciousNotfeld,eoas1123,1991-02-22,F,M,,https://www.colourbox.com/preview/3591885-confident-business-executive-woman-of-asian-half-length-closeup-portrait-on-white-background.jpg	
AshleighLitton,eoas1123,1975-04-20,F,M,,http://previews.123rf.com/images/ariwasabi/ariwasabi1009/ariwasabi100900026/7780061-Female-beauty-portrait-Face-closeup-of-stunning-beautiful-mixed-Chinese-Asian-Caucasian-woman-Isolat-Stock-Photo.jpg	
MercyBurton,eoas1123,1982-09-13,F,M,,https://s-media-cache-ak0.pinimg.com/236x/be/2c/fe/be2cfec62bfedb0357d12e59fcf1a2fa.jpg	
AmberConstable,eoas1123,1977-09-12,F,M,,http://festival.sdaff.org/2014/files/2014/10/Anna-Akana-2-480x433.jpg	
RoseGascoigne,eoas1123,1972-07-21,F,M,,https://s-media-cache-ak0.pinimg.com/736x/90/e1/59/90e159a188d8e97223e9bbfc3debd2fc.jpg	
CindyBristow,eoas1123,1992-08-02,F,M,,http://pophaircuts.com/images/2014/07/Most-Popular-Short-Asian-Hairstyles-for-Women-and-Girls-Long-Bob.jpg	
MaryFreville,eoas1123,1985-04-04,F,M,,https://s-media-cache-ak0.pinimg.com/736x/ef/a4/6d/efa46dfb8e9055bd35f50c411e470ea4.jpg	
FannyUnton,eoas1123,1972-03-24,F,M,,https://s-media-cache-ak0.pinimg.com/236x/a8/9d/41/a89d41d7f7c3934a0941f56894a4694e.jpg	
BaileeVawdrey,eoas1123,1968-08-15,F,M,,http://previews.123rf.com/images/ariwasabi/ariwasabi1107/ariwasabi110700002/9952938-Skin-care-beauty-woman-Beauty-woman-smiling-applying-cream-Beauty-portrait-of-beautiful-Asian-Caucas-Stock-Photo.jpg	
JulietSaintjohn,eoas1123,1998-05-12,F,M,,http://www.chinahush.com/wp-content/uploads/2014/12/Asian-women_Pic-2.jpg	
PamelaLambton,eoas1123,1998-12-03,F,M,,http://www.new-haircut.com/gallery/asian-haircuts/layers_asian_haircuts.jpg	
XiayouDuredent,eoas1123,1977-02-16,F,M,,http://previews.123rf.com/images/tomwang/tomwang1111/tomwang111100038/11235484-Beautiful-Smiling-asian-Woman-Stock-Photo-face.jpg	
MelisaLuke,eoas1123,1997-04-02,F,M,,https://s-media-cache-ak0.pinimg.com/736x/80/ed/8f/80ed8fdd67d1207815ed4ff78ce4add9.jpg	
KatieThursby,eoas1123,1982-03-20,F,M,,https://s-media-cache-ak0.pinimg.com/236x/e4/01/79/e401794863807e82f471940c675e61b2.jpg	
ColeenSnayth,eoas1123,1994-03-27,F,M,,https://c1.staticflickr.com/3/2759/4070983756_5cb8c3d315.jpg	
AudreyPurvis,eoas1123,1977-03-11,F,M,,http://www.chinahush.com/wp-content/uploads/2014/12/Asian-women_Pic-3.jpg	
PennyDarcy,eoas1123,1991-12-24,F,M,,http://previews.123rf.com/images/tomwang/tomwang1411/tomwang141100059/33527571-smiling-young-asian-woman-face-Stock-Photo.jpg	
AmberRont,eoas1123,1966-02-01,F,M,,http://images.wisegeek.com/pretty-asian-woman-smiling.jpg	
StephenieStreet,eoas1123,1982-12-09,F,M,,http://thumbs.dreamstime.com/x/laughing-mature-asian-woman-22110170.jpg	
KeiraLiripine,eoas1123,1996-09-02,F,M,,http://www.studentgrants.org/images/beautiful-asian-woman.jpg	
FaithLyfeld,eoas1123,1971-03-01,F,M,,http://blog.badonlinedates.com/wp-content/uploads/2013/01/Pretty-Woman.jpg	
EdenAnsty,eoas1123,1985-05-19,F,M,,http://orig07.deviantart.net/0220/f/2015/250/5/2/girl_girl_girl__women_women_women_by_sarina_rose-d98pkmx.jpg	
ShannonGrofhurst,eoas1123,1998-09-21,F,M,,https://upload.wikimedia.org/wikipedia/commons/f/f1/Toni_Seawright_plays_the_mother_of_Parrish_Diaz_in_Tony_Clomax's_%2212_Steps_to_Recovery%22.jpg	
KathleenWyville,eoas1123,1973-03-14,F,M,,https://c2.staticflickr.com/2/1217/820814957_8c04e090f8.jpg	
HollyBrecknock,eoas1123,1989-12-15,F,M,,http://www.public-domain-image.com/free-images/people/female-women/beautiful-girl-face-725x544.jpg	
KathleenHaye,eoas1123,1986-01-02,F,M,,https://c2.staticflickr.com/8/7083/7233944886_77e677a752_b.jpg	
PrudenceRippringham,eoas1123,1989-06-19,F,M,,https://upload.wikimedia.org/wikipedia/commons/4/4a/JacquelineFernandez.jpg	
RebeccaStokey,eoas1123,1983-01-06,F,M,,"https://upload.wikimedia.org/wikipedia/commons/f/fd/Jung_Eunji_at_a_fansigning_for_M_Limited,_11_December_2014_02.jpg"	
KeiraBartelot,eoas1123,1966-08-14,F,M,,https://pixabay.com/static/uploads/photo/2015/12/08/00/57/model-woman-1082219_960_720.jpg	
KayleighBennet,eoas1123,1976-08-14,F,M,,https://pixabay.com/static/uploads/photo/2016/01/03/14/25/young-woman-1119479_960_720.jpg	
MillyRawlin,eoas1123,1997-07-05,F,M,,https://upload.wikimedia.org/wikipedia/commons/4/4d/%E8%88%92%E6%B7%87.jpg	
JuneFarmer,eoas1123,1980-12-12,F,M,,https://upload.wikimedia.org/wikipedia/commons/0/0e/Cassie_Ventura.jpg	
DarlaWyghtham,eoas1123,1982-02-25,F,M,,http://slodive.com/wp-content/uploads/2013/01/asian-hairstyles-for-women/asian-eyes.jpg	
BrookeNorbury,eoas1123,1981-01-08,F,M,,http://www.talepicker.com/wp-content/uploads/2015/10/unmarried-woman.jpg	
UrsulaStacy,eoas1123,1968-11-21,F,M,,http://media.datemypet.com/wp-content/uploads/2013/10/younger-woman1-620x350.jpg	
BaileeBarnes,eoas1123,1979-08-10,F,M,,http://gazettereview.com/wp-content/uploads/2015/04/woman-without-baby-health-news.jpg	
KristenColkins,eoas1123,1980-08-12,F,M,,http://dreamatico.com/data_images/woman/woman-7.jpg	
ZoeyKerr,eoas1123,1970-02-17,F,M,,http://10-themes.com/data_images/wallpapers/61/503532-woman.jpg	
JillShorditch,eoas1123,1998-04-09,F,M,,http://10-themes.com/data_images/wallpapers/61/503513-woman.jpg	
MercyParsons,eoas1123,1967-04-11,F,M,,http://actonskincare.com/wp-content/uploads/2013/01/bigstock-Beautiful-Woman-Portrait-Clear-38973331.jpg	
ClareWilliams,eoas1123,1971-10-23,F,M,,http://images1.fanpop.com/images/image_uploads/Michelle-Ryan-bionic-woman-956150_1024_768.jpg	
MarilynMoore,eoas1123,1998-08-22,F,M,,http://connectedwomanmag.com/wp-content/uploads/2015/08/cwm-shocked-teen.jpg	
RoseBaynton,eoas1123,1988-08-18,F,M,,http://paper4pc.com/images/woman-wallpaper-22.jpg	
JoyceBoddenham,eoas1123,1976-02-17,F,M,,http://reneemullingslewis.com/wp-content/uploads/2014/08/woman-smiling.png	
PiperKey,eoas1123,1967-05-01,F,M,,http://dailymail.com.ng/wp-content/uploads/2014/10/Woman-smile-beautiful-hd-get-73591.jpg	
ShondaMilsent,eoas1123,1977-12-24,F,M,,http://10-themes.com/data_images/wallpapers/61/503505-woman.jpg	
SineadBaxter,eoas1123,1996-07-19,F,M,,http://www.buyhomesdirect.co.uk/wp-content/uploads/2011/12/free-character-texture-references-woman-301.jpg	
LindsayHertcomb,eoas1123,1995-03-01,F,M,,https://www1.picturepush.com/photo/a/13988869/img/Picture-Box/business-woman.jpg	
VeraWaldeley,eoas1123,1996-07-01,F,M,,http://andthatswhyyouresingle.com/wp-content/uploads/2012/09/Happy-woman-Fotolia_12331389_Subscription_XXL.jpg	
MaxLongton,eoas1123,1970-10-08,F,M,,http://www.essence.com/sites/default/files/images/2012/06/21/happy-woman-400x295-2.jpg	
CynthiaBurney,eoas1123,1990-02-12,F,M,,http://static1.squarespace.com/static/526eecc4e4b05d57b9a3cc62/t/53c54312e4b001a242cc25a8/1404235421704/images+(4).jpeg	
IleenJarman,eoas1123,1998-12-17,F,M,,http://cdn.movieweb.com/img.news/NEpwCFWLZ2ikts_1_1.jpg	
RachelBishopson,eoas1123,1997-06-01,F,M,,http://7-themes.com/data_images/out/41/6908787-portrait-woman-blonde-photo.jpg	
ShelleyPayne,eoas1123,1975-03-24,F,M,,http://www.laudablebits.com/wp-content/uploads/2015/08/south-african-business-women.jpg	
